function_shasum,rate_function_shasum,function_env,rate_function_env,function_curl,rate_function_curl
shasum,20,,,,
shasum,20,env,70,,
shasum,20,env,70,curl,150
shasum,20,,,,
shasum,20,env,70,,
shasum,20,env,70,curl,160
shasum,20,,,,
shasum,20,env,70,,
shasum,20,env,70,curl,170
shasum,20,,,,
shasum,20,env,70,,
shasum,20,env,70,curl,180
shasum,20,,,,
shasum,20,env,70,,
shasum,20,env,70,curl,190
shasum,20,,,,
shasum,20,env,70,,
shasum,20,env,70,curl,200
shasum,20,,,,
shasum,20,env,80,,
shasum,20,env,80,curl,150
shasum,20,,,,
shasum,20,env,80,,
shasum,20,env,80,curl,160
shasum,20,,,,
shasum,20,env,80,,
shasum,20,env,80,curl,170
shasum,20,,,,
shasum,20,env,80,,
shasum,20,env,80,curl,180
shasum,20,,,,
shasum,20,env,80,,
shasum,20,env,80,curl,190
shasum,20,,,,
shasum,20,env,80,,
shasum,20,env,80,curl,200
shasum,20,,,,
shasum,20,env,90,,
shasum,20,env,90,curl,150
shasum,20,,,,
shasum,20,env,90,,
shasum,20,env,90,curl,160
shasum,20,,,,
shasum,20,env,90,,
shasum,20,env,90,curl,170
shasum,20,,,,
shasum,20,env,90,,
shasum,20,env,90,curl,180
shasum,20,,,,
shasum,20,env,90,,
shasum,20,env,90,curl,190
shasum,20,,,,
shasum,20,env,90,,
shasum,20,env,90,curl,200
shasum,20,,,,
shasum,20,env,100,,
shasum,20,env,100,curl,140
shasum,20,,,,
shasum,20,env,100,,
shasum,20,env,100,curl,150
shasum,20,,,,
shasum,20,env,100,,
shasum,20,env,100,curl,160
shasum,20,,,,
shasum,20,env,100,,
shasum,20,env,100,curl,170
shasum,20,,,,
shasum,20,env,100,,
shasum,20,env,100,curl,180
shasum,20,,,,
shasum,20,env,100,,
shasum,20,env,100,curl,190
shasum,20,,,,
shasum,20,env,100,,
shasum,20,env,100,curl,200
shasum,20,,,,
shasum,20,env,110,,
shasum,20,env,110,curl,140
shasum,20,,,,
shasum,20,env,110,,
shasum,20,env,110,curl,150
shasum,20,,,,
shasum,20,env,110,,
shasum,20,env,110,curl,160
shasum,20,,,,
shasum,20,env,110,,
shasum,20,env,110,curl,170
shasum,20,,,,
shasum,20,env,110,,
shasum,20,env,110,curl,180
shasum,20,,,,
shasum,20,env,110,,
shasum,20,env,110,curl,190
shasum,20,,,,
shasum,20,env,110,,
shasum,20,env,110,curl,200
shasum,20,,,,
shasum,20,env,120,,
shasum,20,env,120,curl,140
shasum,20,,,,
shasum,20,env,120,,
shasum,20,env,120,curl,150
shasum,20,,,,
shasum,20,env,120,,
shasum,20,env,120,curl,160
shasum,20,,,,
shasum,20,env,120,,
shasum,20,env,120,curl,170
shasum,20,,,,
shasum,20,env,120,,
shasum,20,env,120,curl,180
shasum,20,,,,
shasum,20,env,120,,
shasum,20,env,120,curl,190
shasum,20,,,,
shasum,20,env,120,,
shasum,20,env,120,curl,200
shasum,20,,,,
shasum,20,env,130,,
shasum,20,env,130,curl,130
shasum,20,,,,
shasum,20,env,130,,
shasum,20,env,130,curl,140
shasum,20,,,,
shasum,20,env,130,,
shasum,20,env,130,curl,150
shasum,20,,,,
shasum,20,env,130,,
shasum,20,env,130,curl,160
shasum,20,,,,
shasum,20,env,130,,
shasum,20,env,130,curl,170
shasum,20,,,,
shasum,20,env,130,,
shasum,20,env,130,curl,180
shasum,20,,,,
shasum,20,env,130,,
shasum,20,env,130,curl,190
shasum,20,,,,
shasum,20,env,130,,
shasum,20,env,130,curl,200
shasum,20,,,,
shasum,20,env,140,,
shasum,20,env,140,curl,130
shasum,20,,,,
shasum,20,env,140,,
shasum,20,env,140,curl,140
shasum,20,,,,
shasum,20,env,140,,
shasum,20,env,140,curl,150
shasum,20,,,,
shasum,20,env,140,,
shasum,20,env,140,curl,160
shasum,20,,,,
shasum,20,env,140,,
shasum,20,env,140,curl,170
shasum,20,,,,
shasum,20,env,140,,
shasum,20,env,140,curl,180
shasum,20,,,,
shasum,20,env,140,,
shasum,20,env,140,curl,190
shasum,20,,,,
shasum,20,env,140,,
shasum,20,env,140,curl,200
shasum,20,,,,
shasum,20,env,150,,
shasum,20,env,150,curl,120
shasum,20,,,,
shasum,20,env,150,,
shasum,20,env,150,curl,130
shasum,20,,,,
shasum,20,env,150,,
shasum,20,env,150,curl,140
shasum,20,,,,
shasum,20,env,150,,
shasum,20,env,150,curl,150
shasum,20,,,,
shasum,20,env,150,,
shasum,20,env,150,curl,160
shasum,20,,,,
shasum,20,env,150,,
shasum,20,env,150,curl,170
shasum,20,,,,
shasum,20,env,150,,
shasum,20,env,150,curl,180
shasum,20,,,,
shasum,20,env,150,,
shasum,20,env,150,curl,190
shasum,20,,,,
shasum,20,env,150,,
shasum,20,env,150,curl,200
shasum,20,,,,
shasum,20,env,160,,
shasum,20,env,160,curl,70
shasum,20,,,,
shasum,20,env,160,,
shasum,20,env,160,curl,80
shasum,20,,,,
shasum,20,env,160,,
shasum,20,env,160,curl,90
shasum,20,,,,
shasum,20,env,160,,
shasum,20,env,160,curl,100
shasum,20,,,,
shasum,20,env,160,,
shasum,20,env,160,curl,110
shasum,20,,,,
shasum,20,env,160,,
shasum,20,env,160,curl,120
shasum,20,,,,
shasum,20,env,160,,
shasum,20,env,160,curl,130
shasum,20,,,,
shasum,20,env,160,,
shasum,20,env,160,curl,140
shasum,20,,,,
shasum,20,env,160,,
shasum,20,env,160,curl,150
shasum,20,,,,
shasum,20,env,160,,
shasum,20,env,160,curl,160
shasum,20,,,,
shasum,20,env,160,,
shasum,20,env,160,curl,170
shasum,20,,,,
shasum,20,env,160,,
shasum,20,env,160,curl,180
shasum,20,,,,
shasum,20,env,160,,
shasum,20,env,160,curl,190
shasum,20,,,,
shasum,20,env,160,,
shasum,20,env,160,curl,200
shasum,20,,,,
shasum,20,env,170,,
shasum,20,env,170,curl,60
shasum,20,,,,
shasum,20,env,170,,
shasum,20,env,170,curl,70
shasum,20,,,,
shasum,20,env,170,,
shasum,20,env,170,curl,80
shasum,20,,,,
shasum,20,env,170,,
shasum,20,env,170,curl,90
shasum,20,,,,
shasum,20,env,170,,
shasum,20,env,170,curl,100
shasum,20,,,,
shasum,20,env,170,,
shasum,20,env,170,curl,110
shasum,20,,,,
shasum,20,env,170,,
shasum,20,env,170,curl,120
shasum,20,,,,
shasum,20,env,170,,
shasum,20,env,170,curl,130
shasum,20,,,,
shasum,20,env,170,,
shasum,20,env,170,curl,140
shasum,20,,,,
shasum,20,env,170,,
shasum,20,env,170,curl,150
shasum,20,,,,
shasum,20,env,170,,
shasum,20,env,170,curl,160
shasum,20,,,,
shasum,20,env,170,,
shasum,20,env,170,curl,170
shasum,20,,,,
shasum,20,env,170,,
shasum,20,env,170,curl,180
shasum,20,,,,
shasum,20,env,170,,
shasum,20,env,170,curl,190
shasum,20,,,,
shasum,20,env,170,,
shasum,20,env,170,curl,200
shasum,20,,,,
shasum,20,env,180,,
shasum,20,env,180,curl,50
shasum,20,,,,
shasum,20,env,180,,
shasum,20,env,180,curl,60
shasum,20,,,,
shasum,20,env,180,,
shasum,20,env,180,curl,70
shasum,20,,,,
shasum,20,env,180,,
shasum,20,env,180,curl,80
shasum,20,,,,
shasum,20,env,180,,
shasum,20,env,180,curl,90
shasum,20,,,,
shasum,20,env,180,,
shasum,20,env,180,curl,100
shasum,20,,,,
shasum,20,env,180,,
shasum,20,env,180,curl,110
shasum,20,,,,
shasum,20,env,180,,
shasum,20,env,180,curl,120
shasum,20,,,,
shasum,20,env,180,,
shasum,20,env,180,curl,130
shasum,20,,,,
shasum,20,env,180,,
shasum,20,env,180,curl,140
shasum,20,,,,
shasum,20,env,180,,
shasum,20,env,180,curl,150
shasum,20,,,,
shasum,20,env,180,,
shasum,20,env,180,curl,160
shasum,20,,,,
shasum,20,env,180,,
shasum,20,env,180,curl,170
shasum,20,,,,
shasum,20,env,180,,
shasum,20,env,180,curl,180
shasum,20,,,,
shasum,20,env,180,,
shasum,20,env,180,curl,190
shasum,20,,,,
shasum,20,env,180,,
shasum,20,env,180,curl,200
shasum,20,,,,
shasum,20,env,190,,
shasum,20,env,190,curl,40
shasum,20,,,,
shasum,20,env,190,,
shasum,20,env,190,curl,50
shasum,20,,,,
shasum,20,env,190,,
shasum,20,env,190,curl,60
shasum,20,,,,
shasum,20,env,190,,
shasum,20,env,190,curl,70
shasum,20,,,,
shasum,20,env,190,,
shasum,20,env,190,curl,80
shasum,20,,,,
shasum,20,env,190,,
shasum,20,env,190,curl,90
shasum,20,,,,
shasum,20,env,190,,
shasum,20,env,190,curl,100
shasum,20,,,,
shasum,20,env,190,,
shasum,20,env,190,curl,110
shasum,20,,,,
shasum,20,env,190,,
shasum,20,env,190,curl,120
shasum,20,,,,
shasum,20,env,190,,
shasum,20,env,190,curl,130
shasum,20,,,,
shasum,20,env,190,,
shasum,20,env,190,curl,140
shasum,20,,,,
shasum,20,env,190,,
shasum,20,env,190,curl,150
shasum,20,,,,
shasum,20,env,190,,
shasum,20,env,190,curl,160
shasum,20,,,,
shasum,20,env,190,,
shasum,20,env,190,curl,170
shasum,20,,,,
shasum,20,env,190,,
shasum,20,env,190,curl,180
shasum,20,,,,
shasum,20,env,190,,
shasum,20,env,190,curl,190
shasum,20,,,,
shasum,20,env,190,,
shasum,20,env,190,curl,200
shasum,20,,,,
shasum,20,env,200,,
shasum,20,env,200,curl,40
shasum,20,,,,
shasum,20,env,200,,
shasum,20,env,200,curl,50
shasum,20,,,,
shasum,20,env,200,,
shasum,20,env,200,curl,60
shasum,20,,,,
shasum,20,env,200,,
shasum,20,env,200,curl,70
shasum,20,,,,
shasum,20,env,200,,
shasum,20,env,200,curl,80
shasum,20,,,,
shasum,20,env,200,,
shasum,20,env,200,curl,90
shasum,20,,,,
shasum,20,env,200,,
shasum,20,env,200,curl,100
shasum,20,,,,
shasum,20,env,200,,
shasum,20,env,200,curl,110
shasum,20,,,,
shasum,20,env,200,,
shasum,20,env,200,curl,120
shasum,20,,,,
shasum,20,env,200,,
shasum,20,env,200,curl,130
shasum,20,,,,
shasum,20,env,200,,
shasum,20,env,200,curl,140
shasum,20,,,,
shasum,20,env,200,,
shasum,20,env,200,curl,150
shasum,20,,,,
shasum,20,env,200,,
shasum,20,env,200,curl,160
shasum,20,,,,
shasum,20,env,200,,
shasum,20,env,200,curl,170
shasum,20,,,,
shasum,20,env,200,,
shasum,20,env,200,curl,180
shasum,20,,,,
shasum,20,env,200,,
shasum,20,env,200,curl,190
shasum,20,,,,
shasum,20,env,200,,
shasum,20,env,200,curl,200
shasum,30,,,,
shasum,30,env,0,,
shasum,30,env,0,curl,170
shasum,30,,,,
shasum,30,env,0,,
shasum,30,env,0,curl,180
shasum,30,,,,
shasum,30,env,0,,
shasum,30,env,0,curl,190
shasum,30,,,,
shasum,30,env,0,,
shasum,30,env,0,curl,200
shasum,30,,,,
shasum,30,env,10,,
shasum,30,env,10,curl,170
shasum,30,,,,
shasum,30,env,10,,
shasum,30,env,10,curl,180
shasum,30,,,,
shasum,30,env,10,,
shasum,30,env,10,curl,190
shasum,30,,,,
shasum,30,env,10,,
shasum,30,env,10,curl,200
shasum,30,,,,
shasum,30,env,20,,
shasum,30,env,20,curl,160
shasum,30,,,,
shasum,30,env,20,,
shasum,30,env,20,curl,170
shasum,30,,,,
shasum,30,env,20,,
shasum,30,env,20,curl,180
shasum,30,,,,
shasum,30,env,20,,
shasum,30,env,20,curl,190
shasum,30,,,,
shasum,30,env,20,,
shasum,30,env,20,curl,200
shasum,30,,,,
shasum,30,env,30,,
shasum,30,env,30,curl,160
shasum,30,,,,
shasum,30,env,30,,
shasum,30,env,30,curl,170
shasum,30,,,,
shasum,30,env,30,,
shasum,30,env,30,curl,180
shasum,30,,,,
shasum,30,env,30,,
shasum,30,env,30,curl,190
shasum,30,,,,
shasum,30,env,30,,
shasum,30,env,30,curl,200
shasum,30,,,,
shasum,30,env,40,,
shasum,30,env,40,curl,160
shasum,30,,,,
shasum,30,env,40,,
shasum,30,env,40,curl,170
shasum,30,,,,
shasum,30,env,40,,
shasum,30,env,40,curl,180
shasum,30,,,,
shasum,30,env,40,,
shasum,30,env,40,curl,190
shasum,30,,,,
shasum,30,env,40,,
shasum,30,env,40,curl,200
shasum,30,,,,
shasum,30,env,50,,
shasum,30,env,50,curl,150
shasum,30,,,,
shasum,30,env,50,,
shasum,30,env,50,curl,160
shasum,30,,,,
shasum,30,env,50,,
shasum,30,env,50,curl,170
shasum,30,,,,
shasum,30,env,50,,
shasum,30,env,50,curl,180
shasum,30,,,,
shasum,30,env,50,,
shasum,30,env,50,curl,190
shasum,30,,,,
shasum,30,env,50,,
shasum,30,env,50,curl,200
shasum,30,,,,
shasum,30,env,60,,
shasum,30,env,60,curl,150
shasum,30,,,,
shasum,30,env,60,,
shasum,30,env,60,curl,160
shasum,30,,,,
shasum,30,env,60,,
shasum,30,env,60,curl,170
shasum,30,,,,
shasum,30,env,60,,
shasum,30,env,60,curl,180
shasum,30,,,,
shasum,30,env,60,,
shasum,30,env,60,curl,190
shasum,30,,,,
shasum,30,env,60,,
shasum,30,env,60,curl,200
shasum,30,,,,
shasum,30,env,70,,
shasum,30,env,70,curl,150
shasum,30,,,,
shasum,30,env,70,,
shasum,30,env,70,curl,160
shasum,30,,,,
shasum,30,env,70,,
shasum,30,env,70,curl,170
shasum,30,,,,
shasum,30,env,70,,
shasum,30,env,70,curl,180
shasum,30,,,,
shasum,30,env,70,,
shasum,30,env,70,curl,190
shasum,30,,,,
shasum,30,env,70,,
shasum,30,env,70,curl,200
shasum,30,,,,
shasum,30,env,80,,
shasum,30,env,80,curl,150
shasum,30,,,,
shasum,30,env,80,,
shasum,30,env,80,curl,160
shasum,30,,,,
shasum,30,env,80,,
shasum,30,env,80,curl,170
shasum,30,,,,
shasum,30,env,80,,
shasum,30,env,80,curl,180
shasum,30,,,,
shasum,30,env,80,,
shasum,30,env,80,curl,190
shasum,30,,,,
shasum,30,env,80,,
shasum,30,env,80,curl,200
shasum,30,,,,
shasum,30,env,90,,
shasum,30,env,90,curl,140
shasum,30,,,,
shasum,30,env,90,,
shasum,30,env,90,curl,150
shasum,30,,,,
shasum,30,env,90,,
shasum,30,env,90,curl,160
shasum,30,,,,
shasum,30,env,90,,
shasum,30,env,90,curl,170
shasum,30,,,,
shasum,30,env,90,,
shasum,30,env,90,curl,180
shasum,30,,,,
shasum,30,env,90,,
shasum,30,env,90,curl,190
shasum,30,,,,
shasum,30,env,90,,
shasum,30,env,90,curl,200
shasum,30,,,,
shasum,30,env,100,,
shasum,30,env,100,curl,140
shasum,30,,,,
shasum,30,env,100,,
shasum,30,env,100,curl,150
shasum,30,,,,
shasum,30,env,100,,
shasum,30,env,100,curl,160
shasum,30,,,,
shasum,30,env,100,,
shasum,30,env,100,curl,170
shasum,30,,,,
shasum,30,env,100,,
shasum,30,env,100,curl,180
shasum,30,,,,
shasum,30,env,100,,
shasum,30,env,100,curl,190
shasum,30,,,,
shasum,30,env,100,,
shasum,30,env,100,curl,200
shasum,30,,,,
shasum,30,env,110,,
shasum,30,env,110,curl,140
shasum,30,,,,
shasum,30,env,110,,
shasum,30,env,110,curl,150
shasum,30,,,,
shasum,30,env,110,,
shasum,30,env,110,curl,160
shasum,30,,,,
shasum,30,env,110,,
shasum,30,env,110,curl,170
shasum,30,,,,
shasum,30,env,110,,
shasum,30,env,110,curl,180
shasum,30,,,,
shasum,30,env,110,,
shasum,30,env,110,curl,190
shasum,30,,,,
shasum,30,env,110,,
shasum,30,env,110,curl,200
shasum,30,,,,
shasum,30,env,120,,
shasum,30,env,120,curl,130
shasum,30,,,,
shasum,30,env,120,,
shasum,30,env,120,curl,140
shasum,30,,,,
shasum,30,env,120,,
shasum,30,env,120,curl,150
shasum,30,,,,
shasum,30,env,120,,
shasum,30,env,120,curl,160
shasum,30,,,,
shasum,30,env,120,,
shasum,30,env,120,curl,170
shasum,30,,,,
shasum,30,env,120,,
shasum,30,env,120,curl,180
shasum,30,,,,
shasum,30,env,120,,
shasum,30,env,120,curl,190
shasum,30,,,,
shasum,30,env,120,,
shasum,30,env,120,curl,200
shasum,30,,,,
shasum,30,env,130,,
shasum,30,env,130,curl,130
shasum,30,,,,
shasum,30,env,130,,
shasum,30,env,130,curl,140
shasum,30,,,,
shasum,30,env,130,,
shasum,30,env,130,curl,150
shasum,30,,,,
shasum,30,env,130,,
shasum,30,env,130,curl,160
shasum,30,,,,
shasum,30,env,130,,
shasum,30,env,130,curl,170
shasum,30,,,,
shasum,30,env,130,,
shasum,30,env,130,curl,180
shasum,30,,,,
shasum,30,env,130,,
shasum,30,env,130,curl,190
shasum,30,,,,
shasum,30,env,130,,
shasum,30,env,130,curl,200
shasum,30,,,,
shasum,30,env,140,,
shasum,30,env,140,curl,100
shasum,30,,,,
shasum,30,env,140,,
shasum,30,env,140,curl,110
shasum,30,,,,
shasum,30,env,140,,
shasum,30,env,140,curl,120
shasum,30,,,,
shasum,30,env,140,,
shasum,30,env,140,curl,130
shasum,30,,,,
shasum,30,env,140,,
shasum,30,env,140,curl,140
shasum,30,,,,
shasum,30,env,140,,
shasum,30,env,140,curl,150
shasum,30,,,,
shasum,30,env,140,,
shasum,30,env,140,curl,160
shasum,30,,,,
shasum,30,env,140,,
shasum,30,env,140,curl,170
shasum,30,,,,
shasum,30,env,140,,
shasum,30,env,140,curl,180
shasum,30,,,,
shasum,30,env,140,,
shasum,30,env,140,curl,190
shasum,30,,,,
shasum,30,env,140,,
shasum,30,env,140,curl,200
shasum,30,,,,
shasum,30,env,150,,
shasum,30,env,150,curl,80
shasum,30,,,,
shasum,30,env,150,,
shasum,30,env,150,curl,90
shasum,30,,,,
shasum,30,env,150,,
shasum,30,env,150,curl,100
shasum,30,,,,
shasum,30,env,150,,
shasum,30,env,150,curl,110
shasum,30,,,,
shasum,30,env,150,,
shasum,30,env,150,curl,120
shasum,30,,,,
shasum,30,env,150,,
shasum,30,env,150,curl,130
shasum,30,,,,
shasum,30,env,150,,
shasum,30,env,150,curl,140
shasum,30,,,,
shasum,30,env,150,,
shasum,30,env,150,curl,150
shasum,30,,,,
shasum,30,env,150,,
shasum,30,env,150,curl,160
shasum,30,,,,
shasum,30,env,150,,
shasum,30,env,150,curl,170
shasum,30,,,,
shasum,30,env,150,,
shasum,30,env,150,curl,180
shasum,30,,,,
shasum,30,env,150,,
shasum,30,env,150,curl,190
shasum,30,,,,
shasum,30,env,150,,
shasum,30,env,150,curl,200
shasum,30,,,,
shasum,30,env,160,,
shasum,30,env,160,curl,80
shasum,30,,,,
shasum,30,env,160,,
shasum,30,env,160,curl,90
shasum,30,,,,
shasum,30,env,160,,
shasum,30,env,160,curl,100
shasum,30,,,,
shasum,30,env,160,,
shasum,30,env,160,curl,110
shasum,30,,,,
shasum,30,env,160,,
shasum,30,env,160,curl,120
shasum,30,,,,
shasum,30,env,160,,
shasum,30,env,160,curl,130
shasum,30,,,,
shasum,30,env,160,,
shasum,30,env,160,curl,140
shasum,30,,,,
shasum,30,env,160,,
shasum,30,env,160,curl,150
shasum,30,,,,
shasum,30,env,160,,
shasum,30,env,160,curl,160
shasum,30,,,,
shasum,30,env,160,,
shasum,30,env,160,curl,170
shasum,30,,,,
shasum,30,env,160,,
shasum,30,env,160,curl,180
shasum,30,,,,
shasum,30,env,160,,
shasum,30,env,160,curl,190
shasum,30,,,,
shasum,30,env,160,,
shasum,30,env,160,curl,200
shasum,30,,,,
shasum,30,env,170,,
shasum,30,env,170,curl,50
shasum,30,,,,
shasum,30,env,170,,
shasum,30,env,170,curl,60
shasum,30,,,,
shasum,30,env,170,,
shasum,30,env,170,curl,70
shasum,30,,,,
shasum,30,env,170,,
shasum,30,env,170,curl,80
shasum,30,,,,
shasum,30,env,170,,
shasum,30,env,170,curl,90
shasum,30,,,,
shasum,30,env,170,,
shasum,30,env,170,curl,100
shasum,30,,,,
shasum,30,env,170,,
shasum,30,env,170,curl,110
shasum,30,,,,
shasum,30,env,170,,
shasum,30,env,170,curl,120
shasum,30,,,,
shasum,30,env,170,,
shasum,30,env,170,curl,130
shasum,30,,,,
shasum,30,env,170,,
shasum,30,env,170,curl,140
shasum,30,,,,
shasum,30,env,170,,
shasum,30,env,170,curl,150
shasum,30,,,,
shasum,30,env,170,,
shasum,30,env,170,curl,160
shasum,30,,,,
shasum,30,env,170,,
shasum,30,env,170,curl,170
shasum,30,,,,
shasum,30,env,170,,
shasum,30,env,170,curl,180
shasum,30,,,,
shasum,30,env,170,,
shasum,30,env,170,curl,190
shasum,30,,,,
shasum,30,env,170,,
shasum,30,env,170,curl,200
shasum,30,,,,
shasum,30,env,180,,
shasum,30,env,180,curl,50
shasum,30,,,,
shasum,30,env,180,,
shasum,30,env,180,curl,60
shasum,30,,,,
shasum,30,env,180,,
shasum,30,env,180,curl,70
shasum,30,,,,
shasum,30,env,180,,
shasum,30,env,180,curl,80
shasum,30,,,,
shasum,30,env,180,,
shasum,30,env,180,curl,90
shasum,30,,,,
shasum,30,env,180,,
shasum,30,env,180,curl,100
shasum,30,,,,
shasum,30,env,180,,
shasum,30,env,180,curl,110
shasum,30,,,,
shasum,30,env,180,,
shasum,30,env,180,curl,120
shasum,30,,,,
shasum,30,env,180,,
shasum,30,env,180,curl,130
shasum,30,,,,
shasum,30,env,180,,
shasum,30,env,180,curl,140
shasum,30,,,,
shasum,30,env,180,,
shasum,30,env,180,curl,150
shasum,30,,,,
shasum,30,env,180,,
shasum,30,env,180,curl,160
shasum,30,,,,
shasum,30,env,180,,
shasum,30,env,180,curl,170
shasum,30,,,,
shasum,30,env,180,,
shasum,30,env,180,curl,180
shasum,30,,,,
shasum,30,env,180,,
shasum,30,env,180,curl,190
shasum,30,,,,
shasum,30,env,180,,
shasum,30,env,180,curl,200
shasum,30,,,,
shasum,30,env,190,,
shasum,30,env,190,curl,40
shasum,30,,,,
shasum,30,env,190,,
shasum,30,env,190,curl,50
shasum,30,,,,
shasum,30,env,190,,
shasum,30,env,190,curl,60
shasum,30,,,,
shasum,30,env,190,,
shasum,30,env,190,curl,70
shasum,30,,,,
shasum,30,env,190,,
shasum,30,env,190,curl,80
shasum,30,,,,
shasum,30,env,190,,
shasum,30,env,190,curl,90
shasum,30,,,,
shasum,30,env,190,,
shasum,30,env,190,curl,100
shasum,30,,,,
shasum,30,env,190,,
shasum,30,env,190,curl,110
shasum,30,,,,
shasum,30,env,190,,
shasum,30,env,190,curl,120
shasum,30,,,,
shasum,30,env,190,,
shasum,30,env,190,curl,130
shasum,30,,,,
shasum,30,env,190,,
shasum,30,env,190,curl,140
shasum,30,,,,
shasum,30,env,190,,
shasum,30,env,190,curl,150
shasum,30,,,,
shasum,30,env,190,,
shasum,30,env,190,curl,160
shasum,30,,,,
shasum,30,env,190,,
shasum,30,env,190,curl,170
shasum,30,,,,
shasum,30,env,190,,
shasum,30,env,190,curl,180
shasum,30,,,,
shasum,30,env,190,,
shasum,30,env,190,curl,190
shasum,30,,,,
shasum,30,env,190,,
shasum,30,env,190,curl,200
shasum,30,,,,
shasum,30,env,200,,
shasum,30,env,200,curl,40
shasum,30,,,,
shasum,30,env,200,,
shasum,30,env,200,curl,50
shasum,30,,,,
shasum,30,env,200,,
shasum,30,env,200,curl,60
shasum,30,,,,
shasum,30,env,200,,
shasum,30,env,200,curl,70
shasum,30,,,,
shasum,30,env,200,,
shasum,30,env,200,curl,80
shasum,30,,,,
shasum,30,env,200,,
shasum,30,env,200,curl,90
shasum,30,,,,
shasum,30,env,200,,
shasum,30,env,200,curl,100
shasum,30,,,,
shasum,30,env,200,,
shasum,30,env,200,curl,110
shasum,30,,,,
shasum,30,env,200,,
shasum,30,env,200,curl,120
shasum,30,,,,
shasum,30,env,200,,
shasum,30,env,200,curl,130
shasum,30,,,,
shasum,30,env,200,,
shasum,30,env,200,curl,140
shasum,30,,,,
shasum,30,env,200,,
shasum,30,env,200,curl,150
shasum,30,,,,
shasum,30,env,200,,
shasum,30,env,200,curl,160
shasum,30,,,,
shasum,30,env,200,,
shasum,30,env,200,curl,170
shasum,30,,,,
shasum,30,env,200,,
shasum,30,env,200,curl,180
shasum,30,,,,
shasum,30,env,200,,
shasum,30,env,200,curl,190
shasum,30,,,,
shasum,30,env,200,,
shasum,30,env,200,curl,200
shasum,40,,,,
shasum,40,env,0,,
shasum,40,env,0,curl,170
shasum,40,,,,
shasum,40,env,0,,
shasum,40,env,0,curl,180
shasum,40,,,,
shasum,40,env,0,,
shasum,40,env,0,curl,190
shasum,40,,,,
shasum,40,env,0,,
shasum,40,env,0,curl,200
shasum,40,,,,
shasum,40,env,10,,
shasum,40,env,10,curl,160
shasum,40,,,,
shasum,40,env,10,,
shasum,40,env,10,curl,170
shasum,40,,,,
shasum,40,env,10,,
shasum,40,env,10,curl,180
shasum,40,,,,
shasum,40,env,10,,
shasum,40,env,10,curl,190
shasum,40,,,,
shasum,40,env,10,,
shasum,40,env,10,curl,200
shasum,40,,,,
shasum,40,env,20,,
shasum,40,env,20,curl,160
shasum,40,,,,
shasum,40,env,20,,
shasum,40,env,20,curl,170
shasum,40,,,,
shasum,40,env,20,,
shasum,40,env,20,curl,180
shasum,40,,,,
shasum,40,env,20,,
shasum,40,env,20,curl,190
shasum,40,,,,
shasum,40,env,20,,
shasum,40,env,20,curl,200
shasum,40,,,,
shasum,40,env,30,,
shasum,40,env,30,curl,160
shasum,40,,,,
shasum,40,env,30,,
shasum,40,env,30,curl,170
shasum,40,,,,
shasum,40,env,30,,
shasum,40,env,30,curl,180
shasum,40,,,,
shasum,40,env,30,,
shasum,40,env,30,curl,190
shasum,40,,,,
shasum,40,env,30,,
shasum,40,env,30,curl,200
shasum,40,,,,
shasum,40,env,40,,
shasum,40,env,40,curl,160
shasum,40,,,,
shasum,40,env,40,,
shasum,40,env,40,curl,170
shasum,40,,,,
shasum,40,env,40,,
shasum,40,env,40,curl,180
shasum,40,,,,
shasum,40,env,40,,
shasum,40,env,40,curl,190
shasum,40,,,,
shasum,40,env,40,,
shasum,40,env,40,curl,200
shasum,40,,,,
shasum,40,env,50,,
shasum,40,env,50,curl,150
shasum,40,,,,
shasum,40,env,50,,
shasum,40,env,50,curl,160
shasum,40,,,,
shasum,40,env,50,,
shasum,40,env,50,curl,170
shasum,40,,,,
shasum,40,env,50,,
shasum,40,env,50,curl,180
shasum,40,,,,
shasum,40,env,50,,
shasum,40,env,50,curl,190
shasum,40,,,,
shasum,40,env,50,,
shasum,40,env,50,curl,200
shasum,40,,,,
shasum,40,env,60,,
shasum,40,env,60,curl,150
shasum,40,,,,
shasum,40,env,60,,
shasum,40,env,60,curl,160
shasum,40,,,,
shasum,40,env,60,,
shasum,40,env,60,curl,170
shasum,40,,,,
shasum,40,env,60,,
shasum,40,env,60,curl,180
shasum,40,,,,
shasum,40,env,60,,
shasum,40,env,60,curl,190
shasum,40,,,,
shasum,40,env,60,,
shasum,40,env,60,curl,200
shasum,40,,,,
shasum,40,env,70,,
shasum,40,env,70,curl,150
shasum,40,,,,
shasum,40,env,70,,
shasum,40,env,70,curl,160
shasum,40,,,,
shasum,40,env,70,,
shasum,40,env,70,curl,170
shasum,40,,,,
shasum,40,env,70,,
shasum,40,env,70,curl,180
shasum,40,,,,
shasum,40,env,70,,
shasum,40,env,70,curl,190
shasum,40,,,,
shasum,40,env,70,,
shasum,40,env,70,curl,200
shasum,40,,,,
shasum,40,env,80,,
shasum,40,env,80,curl,150
shasum,40,,,,
shasum,40,env,80,,
shasum,40,env,80,curl,160
shasum,40,,,,
shasum,40,env,80,,
shasum,40,env,80,curl,170
shasum,40,,,,
shasum,40,env,80,,
shasum,40,env,80,curl,180
shasum,40,,,,
shasum,40,env,80,,
shasum,40,env,80,curl,190
shasum,40,,,,
shasum,40,env,80,,
shasum,40,env,80,curl,200
shasum,40,,,,
shasum,40,env,90,,
shasum,40,env,90,curl,140
shasum,40,,,,
shasum,40,env,90,,
shasum,40,env,90,curl,150
shasum,40,,,,
shasum,40,env,90,,
shasum,40,env,90,curl,160
shasum,40,,,,
shasum,40,env,90,,
shasum,40,env,90,curl,170
shasum,40,,,,
shasum,40,env,90,,
shasum,40,env,90,curl,180
shasum,40,,,,
shasum,40,env,90,,
shasum,40,env,90,curl,190
shasum,40,,,,
shasum,40,env,90,,
shasum,40,env,90,curl,200
shasum,40,,,,
shasum,40,env,100,,
shasum,40,env,100,curl,140
shasum,40,,,,
shasum,40,env,100,,
shasum,40,env,100,curl,150
shasum,40,,,,
shasum,40,env,100,,
shasum,40,env,100,curl,160
shasum,40,,,,
shasum,40,env,100,,
shasum,40,env,100,curl,170
shasum,40,,,,
shasum,40,env,100,,
shasum,40,env,100,curl,180
shasum,40,,,,
shasum,40,env,100,,
shasum,40,env,100,curl,190
shasum,40,,,,
shasum,40,env,100,,
shasum,40,env,100,curl,200
shasum,40,,,,
shasum,40,env,110,,
shasum,40,env,110,curl,130
shasum,40,,,,
shasum,40,env,110,,
shasum,40,env,110,curl,140
shasum,40,,,,
shasum,40,env,110,,
shasum,40,env,110,curl,150
shasum,40,,,,
shasum,40,env,110,,
shasum,40,env,110,curl,160
shasum,40,,,,
shasum,40,env,110,,
shasum,40,env,110,curl,170
shasum,40,,,,
shasum,40,env,110,,
shasum,40,env,110,curl,180
shasum,40,,,,
shasum,40,env,110,,
shasum,40,env,110,curl,190
shasum,40,,,,
shasum,40,env,110,,
shasum,40,env,110,curl,200
shasum,40,,,,
shasum,40,env,120,,
shasum,40,env,120,curl,130
shasum,40,,,,
shasum,40,env,120,,
shasum,40,env,120,curl,140
shasum,40,,,,
shasum,40,env,120,,
shasum,40,env,120,curl,150
shasum,40,,,,
shasum,40,env,120,,
shasum,40,env,120,curl,160
shasum,40,,,,
shasum,40,env,120,,
shasum,40,env,120,curl,170
shasum,40,,,,
shasum,40,env,120,,
shasum,40,env,120,curl,180
shasum,40,,,,
shasum,40,env,120,,
shasum,40,env,120,curl,190
shasum,40,,,,
shasum,40,env,120,,
shasum,40,env,120,curl,200
shasum,40,,,,
shasum,40,env,130,,
shasum,40,env,130,curl,130
shasum,40,,,,
shasum,40,env,130,,
shasum,40,env,130,curl,140
shasum,40,,,,
shasum,40,env,130,,
shasum,40,env,130,curl,150
shasum,40,,,,
shasum,40,env,130,,
shasum,40,env,130,curl,160
shasum,40,,,,
shasum,40,env,130,,
shasum,40,env,130,curl,170
shasum,40,,,,
shasum,40,env,130,,
shasum,40,env,130,curl,180
shasum,40,,,,
shasum,40,env,130,,
shasum,40,env,130,curl,190
shasum,40,,,,
shasum,40,env,130,,
shasum,40,env,130,curl,200
shasum,40,,,,
shasum,40,env,140,,
shasum,40,env,140,curl,110
shasum,40,,,,
shasum,40,env,140,,
shasum,40,env,140,curl,120
shasum,40,,,,
shasum,40,env,140,,
shasum,40,env,140,curl,130
shasum,40,,,,
shasum,40,env,140,,
shasum,40,env,140,curl,140
shasum,40,,,,
shasum,40,env,140,,
shasum,40,env,140,curl,150
shasum,40,,,,
shasum,40,env,140,,
shasum,40,env,140,curl,160
shasum,40,,,,
shasum,40,env,140,,
shasum,40,env,140,curl,170
shasum,40,,,,
shasum,40,env,140,,
shasum,40,env,140,curl,180
shasum,40,,,,
shasum,40,env,140,,
shasum,40,env,140,curl,190
shasum,40,,,,
shasum,40,env,140,,
shasum,40,env,140,curl,200
shasum,40,,,,
shasum,40,env,150,,
shasum,40,env,150,curl,60
shasum,40,,,,
shasum,40,env,150,,
shasum,40,env,150,curl,70
shasum,40,,,,
shasum,40,env,150,,
shasum,40,env,150,curl,80
shasum,40,,,,
shasum,40,env,150,,
shasum,40,env,150,curl,90
shasum,40,,,,
shasum,40,env,150,,
shasum,40,env,150,curl,100
shasum,40,,,,
shasum,40,env,150,,
shasum,40,env,150,curl,110
shasum,40,,,,
shasum,40,env,150,,
shasum,40,env,150,curl,120
shasum,40,,,,
shasum,40,env,150,,
shasum,40,env,150,curl,130
shasum,40,,,,
shasum,40,env,150,,
shasum,40,env,150,curl,140
shasum,40,,,,
shasum,40,env,150,,
shasum,40,env,150,curl,150
shasum,40,,,,
shasum,40,env,150,,
shasum,40,env,150,curl,160
shasum,40,,,,
shasum,40,env,150,,
shasum,40,env,150,curl,170
shasum,40,,,,
shasum,40,env,150,,
shasum,40,env,150,curl,180
shasum,40,,,,
shasum,40,env,150,,
shasum,40,env,150,curl,190
shasum,40,,,,
shasum,40,env,150,,
shasum,40,env,150,curl,200
shasum,40,,,,
shasum,40,env,160,,
shasum,40,env,160,curl,60
shasum,40,,,,
shasum,40,env,160,,
shasum,40,env,160,curl,70
shasum,40,,,,
shasum,40,env,160,,
shasum,40,env,160,curl,80
shasum,40,,,,
shasum,40,env,160,,
shasum,40,env,160,curl,90
shasum,40,,,,
shasum,40,env,160,,
shasum,40,env,160,curl,100
shasum,40,,,,
shasum,40,env,160,,
shasum,40,env,160,curl,110
shasum,40,,,,
shasum,40,env,160,,
shasum,40,env,160,curl,120
shasum,40,,,,
shasum,40,env,160,,
shasum,40,env,160,curl,130
shasum,40,,,,
shasum,40,env,160,,
shasum,40,env,160,curl,140
shasum,40,,,,
shasum,40,env,160,,
shasum,40,env,160,curl,150
shasum,40,,,,
shasum,40,env,160,,
shasum,40,env,160,curl,160
shasum,40,,,,
shasum,40,env,160,,
shasum,40,env,160,curl,170
shasum,40,,,,
shasum,40,env,160,,
shasum,40,env,160,curl,180
shasum,40,,,,
shasum,40,env,160,,
shasum,40,env,160,curl,190
shasum,40,,,,
shasum,40,env,160,,
shasum,40,env,160,curl,200
shasum,40,,,,
shasum,40,env,170,,
shasum,40,env,170,curl,40
shasum,40,,,,
shasum,40,env,170,,
shasum,40,env,170,curl,50
shasum,40,,,,
shasum,40,env,170,,
shasum,40,env,170,curl,60
shasum,40,,,,
shasum,40,env,170,,
shasum,40,env,170,curl,70
shasum,40,,,,
shasum,40,env,170,,
shasum,40,env,170,curl,80
shasum,40,,,,
shasum,40,env,170,,
shasum,40,env,170,curl,90
shasum,40,,,,
shasum,40,env,170,,
shasum,40,env,170,curl,100
shasum,40,,,,
shasum,40,env,170,,
shasum,40,env,170,curl,110
shasum,40,,,,
shasum,40,env,170,,
shasum,40,env,170,curl,120
shasum,40,,,,
shasum,40,env,170,,
shasum,40,env,170,curl,130
shasum,40,,,,
shasum,40,env,170,,
shasum,40,env,170,curl,140
shasum,40,,,,
shasum,40,env,170,,
shasum,40,env,170,curl,150
shasum,40,,,,
shasum,40,env,170,,
shasum,40,env,170,curl,160
shasum,40,,,,
shasum,40,env,170,,
shasum,40,env,170,curl,170
shasum,40,,,,
shasum,40,env,170,,
shasum,40,env,170,curl,180
shasum,40,,,,
shasum,40,env,170,,
shasum,40,env,170,curl,190
shasum,40,,,,
shasum,40,env,170,,
shasum,40,env,170,curl,200
shasum,40,,,,
shasum,40,env,180,,
shasum,40,env,180,curl,40
shasum,40,,,,
shasum,40,env,180,,
shasum,40,env,180,curl,50
shasum,40,,,,
shasum,40,env,180,,
shasum,40,env,180,curl,60
shasum,40,,,,
shasum,40,env,180,,
shasum,40,env,180,curl,70
shasum,40,,,,
shasum,40,env,180,,
shasum,40,env,180,curl,80
shasum,40,,,,
shasum,40,env,180,,
shasum,40,env,180,curl,90
shasum,40,,,,
shasum,40,env,180,,
shasum,40,env,180,curl,100
shasum,40,,,,
shasum,40,env,180,,
shasum,40,env,180,curl,110
shasum,40,,,,
shasum,40,env,180,,
shasum,40,env,180,curl,120
shasum,40,,,,
shasum,40,env,180,,
shasum,40,env,180,curl,130
shasum,40,,,,
shasum,40,env,180,,
shasum,40,env,180,curl,140
shasum,40,,,,
shasum,40,env,180,,
shasum,40,env,180,curl,150
shasum,40,,,,
shasum,40,env,180,,
shasum,40,env,180,curl,160
shasum,40,,,,
shasum,40,env,180,,
shasum,40,env,180,curl,170
shasum,40,,,,
shasum,40,env,180,,
shasum,40,env,180,curl,180
shasum,40,,,,
shasum,40,env,180,,
shasum,40,env,180,curl,190
shasum,40,,,,
shasum,40,env,180,,
shasum,40,env,180,curl,200
shasum,40,,,,
shasum,40,env,190,,
shasum,40,env,190,curl,30
shasum,40,,,,
shasum,40,env,190,,
shasum,40,env,190,curl,40
shasum,40,,,,
shasum,40,env,190,,
shasum,40,env,190,curl,50
shasum,40,,,,
shasum,40,env,190,,
shasum,40,env,190,curl,60
shasum,40,,,,
shasum,40,env,190,,
shasum,40,env,190,curl,70
shasum,40,,,,
shasum,40,env,190,,
shasum,40,env,190,curl,80
shasum,40,,,,
shasum,40,env,190,,
shasum,40,env,190,curl,90
shasum,40,,,,
shasum,40,env,190,,
shasum,40,env,190,curl,100
shasum,40,,,,
shasum,40,env,190,,
shasum,40,env,190,curl,110
shasum,40,,,,
shasum,40,env,190,,
shasum,40,env,190,curl,120
shasum,40,,,,
shasum,40,env,190,,
shasum,40,env,190,curl,130
shasum,40,,,,
shasum,40,env,190,,
shasum,40,env,190,curl,140
shasum,40,,,,
shasum,40,env,190,,
shasum,40,env,190,curl,150
shasum,40,,,,
shasum,40,env,190,,
shasum,40,env,190,curl,160
shasum,40,,,,
shasum,40,env,190,,
shasum,40,env,190,curl,170
shasum,40,,,,
shasum,40,env,190,,
shasum,40,env,190,curl,180
shasum,40,,,,
shasum,40,env,190,,
shasum,40,env,190,curl,190
shasum,40,,,,
shasum,40,env,190,,
shasum,40,env,190,curl,200
shasum,40,,,,
shasum,40,env,200,,
shasum,40,env,200,curl,40
shasum,40,,,,
shasum,40,env,200,,
shasum,40,env,200,curl,50
shasum,40,,,,
shasum,40,env,200,,
shasum,40,env,200,curl,60
shasum,40,,,,
shasum,40,env,200,,
shasum,40,env,200,curl,70
shasum,40,,,,
shasum,40,env,200,,
shasum,40,env,200,curl,80
shasum,40,,,,
shasum,40,env,200,,
shasum,40,env,200,curl,90
shasum,40,,,,
shasum,40,env,200,,
shasum,40,env,200,curl,100
shasum,40,,,,
shasum,40,env,200,,
shasum,40,env,200,curl,110
shasum,40,,,,
shasum,40,env,200,,
shasum,40,env,200,curl,120
shasum,40,,,,
shasum,40,env,200,,
shasum,40,env,200,curl,130
shasum,40,,,,
shasum,40,env,200,,
shasum,40,env,200,curl,140
shasum,40,,,,
shasum,40,env,200,,
shasum,40,env,200,curl,150
shasum,40,,,,
shasum,40,env,200,,
shasum,40,env,200,curl,160
shasum,40,,,,
shasum,40,env,200,,
shasum,40,env,200,curl,170
shasum,40,,,,
shasum,40,env,200,,
shasum,40,env,200,curl,180
shasum,40,,,,
shasum,40,env,200,,
shasum,40,env,200,curl,190
shasum,40,,,,
shasum,40,env,200,,
shasum,40,env,200,curl,200
shasum,50,,,,
shasum,50,env,0,,
shasum,50,env,0,curl,170
shasum,50,,,,
shasum,50,env,0,,
shasum,50,env,0,curl,180
shasum,50,,,,
shasum,50,env,0,,
shasum,50,env,0,curl,190
shasum,50,,,,
shasum,50,env,0,,
shasum,50,env,0,curl,200
shasum,50,,,,
shasum,50,env,10,,
shasum,50,env,10,curl,160
shasum,50,,,,
shasum,50,env,10,,
shasum,50,env,10,curl,170
shasum,50,,,,
shasum,50,env,10,,
shasum,50,env,10,curl,180
shasum,50,,,,
shasum,50,env,10,,
shasum,50,env,10,curl,190
shasum,50,,,,
shasum,50,env,10,,
shasum,50,env,10,curl,200
shasum,50,,,,
shasum,50,env,20,,
shasum,50,env,20,curl,160
shasum,50,,,,
shasum,50,env,20,,
shasum,50,env,20,curl,170
shasum,50,,,,
shasum,50,env,20,,
shasum,50,env,20,curl,180
shasum,50,,,,
shasum,50,env,20,,
shasum,50,env,20,curl,190
shasum,50,,,,
shasum,50,env,20,,
shasum,50,env,20,curl,200
shasum,50,,,,
shasum,50,env,30,,
shasum,50,env,30,curl,160
shasum,50,,,,
shasum,50,env,30,,
shasum,50,env,30,curl,170
shasum,50,,,,
shasum,50,env,30,,
shasum,50,env,30,curl,180
shasum,50,,,,
shasum,50,env,30,,
shasum,50,env,30,curl,190
shasum,50,,,,
shasum,50,env,30,,
shasum,50,env,30,curl,200
shasum,50,,,,
shasum,50,env,40,,
shasum,50,env,40,curl,150
shasum,50,,,,
shasum,50,env,40,,
shasum,50,env,40,curl,160
shasum,50,,,,
shasum,50,env,40,,
shasum,50,env,40,curl,170
shasum,50,,,,
shasum,50,env,40,,
shasum,50,env,40,curl,180
shasum,50,,,,
shasum,50,env,40,,
shasum,50,env,40,curl,190
shasum,50,,,,
shasum,50,env,40,,
shasum,50,env,40,curl,200
shasum,50,,,,
shasum,50,env,50,,
shasum,50,env,50,curl,150
shasum,50,,,,
shasum,50,env,50,,
shasum,50,env,50,curl,160
shasum,50,,,,
shasum,50,env,50,,
shasum,50,env,50,curl,170
shasum,50,,,,
shasum,50,env,50,,
shasum,50,env,50,curl,180
shasum,50,,,,
shasum,50,env,50,,
shasum,50,env,50,curl,190
shasum,50,,,,
shasum,50,env,50,,
shasum,50,env,50,curl,200
shasum,50,,,,
shasum,50,env,60,,
shasum,50,env,60,curl,150
shasum,50,,,,
shasum,50,env,60,,
shasum,50,env,60,curl,160
shasum,50,,,,
shasum,50,env,60,,
shasum,50,env,60,curl,170
shasum,50,,,,
shasum,50,env,60,,
shasum,50,env,60,curl,180
shasum,50,,,,
shasum,50,env,60,,
shasum,50,env,60,curl,190
shasum,50,,,,
shasum,50,env,60,,
shasum,50,env,60,curl,200
shasum,50,,,,
shasum,50,env,70,,
shasum,50,env,70,curl,140
shasum,50,,,,
shasum,50,env,70,,
shasum,50,env,70,curl,150
shasum,50,,,,
shasum,50,env,70,,
shasum,50,env,70,curl,160
shasum,50,,,,
shasum,50,env,70,,
shasum,50,env,70,curl,170
shasum,50,,,,
shasum,50,env,70,,
shasum,50,env,70,curl,180
shasum,50,,,,
shasum,50,env,70,,
shasum,50,env,70,curl,190
shasum,50,,,,
shasum,50,env,70,,
shasum,50,env,70,curl,200
